<?xml version="1.0"?>
<opencv_storage>
<stage1>
  <maxWeakCount>6</maxWeakCount>
  <stageThreshold>1.8239288032054901e-01</stageThreshold>
  <weakClassifiers>
    <_>
      <internalNodes>
        0 -1 71481 3.6549945361912251e-03</internalNodes>
      <leafValues>
        -5.5233496427536011e-01 9.0501320362091064e-01</leafValues></_>
    <_>
      <internalNodes>
        0 -1 61276 4.3164961971342564e-03</internalNodes>
      <leafValues>
        -4.7240951657295227e-01 9.3144184350967407e-01</leafValues></_>
    <_>
      <internalNodes>
        0 -1 107334 2.4920023977756500e-02</internalNodes>
      <leafValues>
        5.1762926578521729e-01 -1.</leafValues></_>
    <_>
      <internalNodes>
        0 -1 124810 -2.1869811462238431e-05</internalNodes>
      <leafValues>
        -1. 3.9649936556816101e-01</leafValues></_>
    <_>
      <internalNodes>
        0 -1 78923 3.7049120292067528e-03</internalNodes>
      <leafValues>
        -5.8340108394622803e-01 8.7496596574783325e-01</leafValues></_>
    <_>
      <internalNodes>
        0 -1 79201 -6.5715648233890533e-03</internalNodes>
      <leafValues>
        9.7722554206848145e-01 -5.2744156122207642e-01</leafValues></_></weakClassifiers></stage1>
</opencv_storage>
