<?xml version="1.0"?>
<opencv_storage>
<stage2>
  <maxWeakCount>7</maxWeakCount>
  <stageThreshold>2.4205809831619263e-01</stageThreshold>
  <weakClassifiers>
    <_>
      <internalNodes>
        0 -1 101952 -1.6414910554885864e-02</internalNodes>
      <leafValues>
        -9.4387757778167725e-01 6.0855263471603394e-01</leafValues></_>
    <_>
      <internalNodes>
        0 -1 113133 -6.3080689869821072e-03</internalNodes>
      <leafValues>
        9.5850861072540283e-01 -5.7668077945709229e-01</leafValues></_>
    <_>
      <internalNodes>
        0 -1 4178 2.2186849266290665e-02</internalNodes>
      <leafValues>
        4.8910778760910034e-01 -9.9357169866561890e-01</leafValues></_>
    <_>
      <internalNodes>
        0 -1 110819 8.2112485542893410e-03</internalNodes>
      <leafValues>
        -8.7707436084747314e-01 4.9374040961265564e-01</leafValues></_>
    <_>
      <internalNodes>
        0 -1 9949 -4.8961112042888999e-05</internalNodes>
      <leafValues>
        -1. 3.4875074028968811e-01</leafValues></_>
    <_>
      <internalNodes>
        0 -1 60745 -6.0484013520181179e-03</internalNodes>
      <leafValues>
        9.4618076086044312e-01 -5.0039231777191162e-01</leafValues></_>
    <_>
      <internalNodes>
        0 -1 104278 2.5491487234830856e-02</internalNodes>
      <leafValues>
        -6.0377955436706543e-01 9.9872827529907227e-01</leafValues></_></weakClassifiers></stage2>
</opencv_storage>
