<?xml version="1.0"?>
<opencv_storage>
<cascade>
  <stageType>BOOST</stageType>
  <featureType>LBP</featureType>
  <height>20</height>
  <width>20</width>
  <stageParams>
    <boostType>GAB</boostType>
    <minHitRate>9.9900001287460327e-01</minHitRate>
    <maxFalseAlarm>5.0000000745058060e-02</maxFalseAlarm>
    <weightTrimRate>9.4999999999999996e-01</weightTrimRate>
    <maxDepth>1</maxDepth>
    <maxWeakCount>100</maxWeakCount></stageParams>
  <featureParams>
    <maxCatCount>256</maxCatCount>
    <featSize>1</featSize></featureParams>
  <stageNum>3</stageNum>
  <stages>
    <!-- stage 0 -->
    <_>
      <maxWeakCount>3</maxWeakCount>
      <stageThreshold>8.5999953746795654e-01</stageThreshold>
      <weakClassifiers>
        <_>
          <internalNodes>
            0 -1 8 -538978053 1494941696 1130587 -645840687 -930952546
            167968843 -1709129313 -1054277</internalNodes>
          <leafValues>
            -9.8336797952651978e-01 9.1136801242828369e-01</leafValues></_>
        <_>
          <internalNodes>
            0 -1 1 -732868397 -81719295 -1877950127 -216956847
            -2146910017 -931102582 -2004827909 -83629909</internalNodes>
          <leafValues>
            -9.6191555261611938e-01 9.2641866207122803e-01</leafValues></_>
        <_>
          <internalNodes>
            0 -1 2 -720317957 -550420160 290521559 -116191147
            -1945466678 -310278006 167790735 -544554613</internalNodes>
          <leafValues>
            -9.6356672048568726e-01 9.1694885492324829e-01</leafValues></_></weakClassifiers></_>
    <!-- stage 1 -->
    <_>
      <maxWeakCount>3</maxWeakCount>
      <stageThreshold>8.7575531005859375e-01</stageThreshold>
      <weakClassifiers>
        <_>
          <internalNodes>
            0 -1 3 -719594145 1405423839 -787934883 -171617895
            -1467836245 -6782817 -1601467717 -205799221</internalNodes>
          <leafValues>
            -9.4331985712051392e-01 9.2094862461090088e-01</leafValues></_>
        <_>
          <internalNodes>
            0 -1 6 -337905669 -783876085 -1870069743 -751710207
            -129447294 -2096955389 -526194029 -3154513</internalNodes>
          <leafValues>
            -9.5570981502532959e-01 9.2642891407012939e-01</leafValues></_>
        <_>
          <internalNodes>
            0 -1 5 -216534101 -637285872 134270978 -687636479
            -1049433982 -246808416 575883 -205522021</internalNodes>
          <leafValues>
            -9.6744680404663086e-01 9.1051650047302246e-01</leafValues></_></weakClassifiers></_>
    <!-- stage 2 -->
    <_>
      <maxWeakCount>4</maxWeakCount>
      <stageThreshold>-1.0374464094638824e-01</stageThreshold>
      <weakClassifiers>
        <_>
          <internalNodes>
            0 -1 0 -632948769 -741219949 1971919215 -72366889
            -1961975553 -209116509 -509347681 2130697195</internalNodes>
          <leafValues>
            -9.5348834991455078e-01 8.5578745603561401e-01</leafValues></_>
        <_>
          <internalNodes>
            0 -1 9 -138412105 432123973 -2129403711 -223616521
            -816856177 -1937145723 -1306138741 -3408897</internalNodes>
          <leafValues>
            -9.1074335575103760e-01 8.9242202043533325e-01</leafValues></_>
        <_>
          <internalNodes>
            0 -1 4 -466949 -111162923 -67329633 -573078317 -44500997
            -3484439 -877093381 -575413032</internalNodes>
          <leafValues>
            -8.9493548870086670e-01 9.2185997962951660e-01</leafValues></_>
        <_>
          <internalNodes>
            0 -1 7 -268156681 -237305837 -1870309027 -586852845
            -655771137 -1159576150 -640988161 -9753813</internalNodes>
          <leafValues>
            -9.7004717588424683e-01 8.4614676237106323e-01</leafValues></_></weakClassifiers></_></stages>
  <features>
    <_>
      <rect>
        0 0 1 1</rect></_>
    <_>
      <rect>
        0 7 6 1</rect></_>
    <_>
      <rect>
        0 10 6 1</rect></_>
    <_>
      <rect>
        4 8 4 1</rect></_>
    <_>
      <rect>
        5 8 3 1</rect></_>
    <_>
      <rect>
        7 5 1 5</rect></_>
    <_>
      <rect>
        8 3 1 5</rect></_>
    <_>
      <rect>
        8 10 3 1</rect></_>
    <_>
      <rect>
        9 3 1 4</rect></_>
    <_>
      <rect>
        9 4 1 4</rect></_></features></cascade>
</opencv_storage>
